{
  "vamos_dataset": {
    "action": {
      "q01": [
        -0.26682111620903015,
        -0.5196982622146606
      ],
      "q99": [
        1.5141987800598145,
        0.5369469523429871
      ],
      "mean": [
        0.1777697652578354,
        0.0005600540316663682
      ],
      "std": [
        0.5837417840957642,
        0.39859652519226074
      ],
      "min": [
        -51.979312896728516,
        -145.62351989746094
      ],
      "max": [
        155.29685974121094,
        121.31470489501953
      ]
    },
    "num_transitions": 10477474,
    "num_trajectories": 57600.0
  }
}